INSERT INTO STUDENT
(STUDENT_ID, STUDENT_FIRST_NAME, STUDENT_LAST_NAME, STUDENT_TYPE, FK_DORM_ROOM_ID)
VALUES
(56789012,'Abraham','Lincoln','R','JKL890');

SELECT STUDENT_ID, STUDENT_FIRST_NAME, STUDENT_LAST_NAME, BUILDING_ID 
	FROM STUDENT
	JOIN DORM_ROOM 
	ON STUDENT.FK_DORM_ROOM_ID=DORM_ROOM.DORM_ROOM_ID;
  
  
Select DORM_ROOM_ID, BUILDING_ID, STUDENT_ID 	
	FROM DORM_ROOM 
	JOIN STUDENT 
	ON STUDENT.FK_DORM_ROOM_ID= DORM_ROOM.DORM_ROOM_ID;  


INSERT INTO TEXTBOOK
(TEXTBOOK_ID, TEXTBOOK_TITLE, FK_STUDENT_ID)
VALUES
('567-89-0012','Abraham Lincoln','00000888');


SELECT TEXTBOOK_TITLE, STUDENT_LAST_NAME
  FROM TEXTBOOK
  JOIN STUDENT
  ON STUDENT.STUDENT_ID = TEXTBOOK.FK_STUDENT_ID;
  
  
SELECT STUDENT_LAST_NAME, TEXTBOOK_TITLE
  FROM STUDENT
  JOIN TEXTBOOK
  ON STUDENT.STUDENT_ID = TEXTBOOK.FK_STUDENT_ID;


SELECT S.STUDENT_ID, S.STUDENT_FIRST_NAME, S.STUDENT_LAST_NAME, T.TEXTBOOK_TITLE, D.DORM_ROOM_ID
FROM STUDENT S
JOIN TEXTBOOK T ON S.STUDENT_ID = T.FK_STUDENT_ID
JOIN DORM_ROOM D ON D.DORM_ROOM_ID = S.FK_DORM_ROOM_ID;

----------------------------------------------------------------------
DROP TABLE CREATURE CASCADE CONSTRAINTS;
DROP TABLE WEAPON CASCADE CONSTRAINTS;
DROP TABLE HERO CASCADE CONSTRAINTS;

CREATE TABLE CREATURE
(CREATURE_ID     	number(8) PRIMARY KEY,
CREATURE_NAME	varchar(25) NOT NULL,
CREATURE_TYPE	varchar(15) NOT NULL,
FK_WEAPON_ID	number(8));

CREATE TABLE WEAPON
(WEAPON_ID	number(8) PRIMARY KEY,
WEAPON_TYPE	varchar(8) NOT NULL,
WEAPON_BONUS varchar2(25));

CREATE TABLE HERO
(HERO_ID	number(8) PRIMARY KEY,
HERO_NAME	varchar(50) NOT NULL,
HERO_TITLE	varchar(50) NOT NULL,
FK_WEAPON_ID	number(8));

ALTER TABLE CREATURE
ADD CONSTRAINT FK_CREATURE
FOREIGN KEY(FK_WEAPON_ID)
REFERENCES WEAPON(WEAPON_ID);

ALTER TABLE HERO
ADD CONSTRAINT FK_HERO
FOREIGN KEY(FK_WEAPON_ID)
REFERENCES WEAPON(WEAPON_ID);


INSERT INTO WEAPON
(WEAPON_ID, WEAPON_TYPE, WEAPON_BONUS)
VALUES
(1, 'NONE', 'NONE');

INSERT INTO WEAPON
(WEAPON_ID, WEAPON_TYPE, WEAPON_BONUS)
VALUES
(2, 'SWORD', 'STRENGTH');

INSERT INTO WEAPON
(WEAPON_ID, WEAPON_TYPE, WEAPON_BONUS)
VALUES
(3, 'HAMMER', 'VITALITY');

INSERT INTO WEAPON
(WEAPON_ID, WEAPON_TYPE, WEAPON_BONUS)
VALUES
(4, 'DAGGER', 'AGILITY');

INSERT INTO WEAPON
(WEAPON_ID, WEAPON_TYPE, WEAPON_BONUS)
VALUES
(5, 'STAFF', 'MAGIC');

INSERT INTO HERO
(HERO_ID, HERO_NAME, HERO_TITLE, FK_WEAPON_ID)
VALUES
(1234, 'FRANK', 'THE FARTER', 1);

INSERT INTO HERO
(HERO_ID, HERO_NAME, HERO_TITLE, FK_WEAPON_ID)
VALUES
(2345, 'MILLY', 'THE MAD', 3);

INSERT INTO HERO
(HERO_ID, HERO_NAME, HERO_TITLE, FK_WEAPON_ID)
VALUES
(3456, 'ARC', 'THE SPARK', 5);

INSERT INTO HERO
(HERO_ID, HERO_NAME, HERO_TITLE, FK_WEAPON_ID)
VALUES
(4567, 'LYKA', 'THE HOLY', 2);

INSERT INTO HERO
(HERO_ID, HERO_NAME, HERO_TITLE, FK_WEAPON_ID)
VALUES
(5678, 'ANDRA', 'THE CATTY', 3);

INSERT INTO CREATURE
(CREATURE_ID, CREATURE_NAME, CREATURE_TYPE, FK_WEAPON_ID)
VALUES
(22, 'GOLEMAR', 'DEMON', 3);

INSERT INTO CREATURE
(CREATURE_ID, CREATURE_NAME, CREATURE_TYPE, FK_WEAPON_ID)
VALUES
(25, 'AZSHARA', 'NAGA', 1);

INSERT INTO CREATURE
(CREATURE_ID, CREATURE_NAME, CREATURE_TYPE, FK_WEAPON_ID)
VALUES
(26, 'MURKY', 'MURLOC', 2);

INSERT INTO CREATURE
(CREATURE_ID, CREATURE_NAME, CREATURE_TYPE, FK_WEAPON_ID)
VALUES
(27, 'KITTY', 'SPHINX', 1);

INSERT INTO CREATURE
(CREATURE_ID, CREATURE_NAME, CREATURE_TYPE, FK_WEAPON_ID)
VALUES
(290, 'DJINN', 'DJINN', 3);


SELECT HERO_NAME, HERO_TITLE, CREATURE_NAME, WEAPON_TYPE 
FROM WEAPON
JOIN CREATURE ON CREATURE.FK_WEAPON_ID = WEAPON.WEAPON_ID
JOIN HERO ON HERO.FK_WEAPON_ID = WEAPON.WEAPON_ID
WHERE CREATURE_TYPE = 'DEMON';

 


-----------------------------------------------------------------------



















--
commit;